[{"user_id": "\u0628\u062f\u0648\u0646 \u0634\u0646\u0627\u0633\u0647", "name": "mr.hjf", "ip": "127.0.0.1", "responses": {"hq1": "\u0637", "hq2": "\u06cc\u0628", "hq3": "\u06cc\u0628", "hq4": "\u06cc\u0628"}}, {"user_id": "\u0628\u062f\u0648\u0646 \u0634\u0646\u0627\u0633\u0647", "name": "mr.hjf", "ip": "127.0.0.1", "responses": {"hq1": "gh", "hq2": "ghg", "hq3": "ghg", "hq4": "ghg"}}, {"user_id": "\u0628\u062f\u0648\u0646 \u0634\u0646\u0627\u0633\u0647", "name": "mr.hjf", "ip": "127.0.0.1", "responses": {"hq1": "gh", "hq2": "ghg", "hq3": "ghg", "hq4": "ghg"}}, {"user_id": "c0acce51-dd50-490f-97eb-f5532cd98599", "name": "alireza", "ip": "127.0.0.1", "responses": {"hq1": null, "hq2": null, "hq3": null, "hq4": null, "hq5": null, "hq6": null, "hq7": null, "hq8": null}}]